# Add trailing slash
/overseas-futures     /overseas-futures/               301!
/coin-futures         /coin-futures/                   301!
/nasdaq-futures       /nasdaq-futures/                 301!
/private-futures      /private-futures/                301!
/blogs                /blogs/                          301!

# Pretty to actual file (serve index.html while keeping pretty URL)
/overseas-futures/    /overseas-futures/index.html     200
/coin-futures/        /coin-futures/index.html         200
/nasdaq-futures/      /nasdaq-futures/index.html       200
/private-futures/     /private-futures/index.html      200
/blogs/               /blogs/index.html                200

# Legacy .html → folder
/:page.html           /:page/                          301
/blogs/:slug.html     /blogs/:slug/                    301
